BEGIN TRANSACTION;
CREATE TABLE IF NOT EXISTS "DARBUOTOJAS" (
	"ASMENSKODAS"	CHAR(11),
	"VARDAS"	VARCHAR(255),
	"PAVARDE"	VARCHAR(255),
	"DIRBANUO"	DATE,
	"GIMIMOMETAI"	DATE,
	"PAREIGOS"	VARCHAR(255),
	"SKYRIUS_PAVADINIMAS"	VARCHAR(255),
	"PROJEKTAS_ID"	INTEGER,
	"DEPARTAMENTAS_ID"	INTEGER,
	PRIMARY KEY("ASMENSKODAS"),
	FOREIGN KEY("DEPARTAMENTAS_ID") REFERENCES "DEPARTAMENTAS"("ID"),
	FOREIGN KEY("PROJEKTAS_ID") REFERENCES "PROJEKTAS"("ID"),
	FOREIGN KEY("SKYRIUS_PAVADINIMAS") REFERENCES "SKYRIUS"("PAVADINIMAS")
);
CREATE TABLE IF NOT EXISTS "DEPARTAMENTAS" (
	"ID"	INTEGER,
	"PAVADINIMAS"	VARCHAR(255) NOT NULL,
	"SKYRIUS_PAVADINIMAS"	VARCHAR(255),
	PRIMARY KEY("ID" AUTOINCREMENT),
	FOREIGN KEY("SKYRIUS_PAVADINIMAS") REFERENCES "SKYRIUS"("PAVADINIMAS")
);
CREATE TABLE IF NOT EXISTS "PROJEKTAS" (
	"ID"	INTEGER,
	"PAVADINIMAS"	VARCHAR(255) NOT NULL,
	PRIMARY KEY("ID" AUTOINCREMENT)
);
CREATE TABLE IF NOT EXISTS "SKYRIUS" (
	"PAVADINIMAS"	VARCHAR(255),
	"VADOVAS_ASMENSKODAS"	VARCHAR(255),
	PRIMARY KEY("PAVADINIMAS")
);
INSERT INTO "DARBUOTOJAS" VALUES ('38101122335','Petras','Petraitis','2009-10-30','1981-01-11','Testuotojas','Testavimo',1,2);
INSERT INTO "DARBUOTOJAS" VALUES ('38010101234','Jonas','Jonaitis','2007-05-30','1980-10-10','Programuotojas','Java',2,1);
INSERT INTO "DARBUOTOJAS" VALUES ('38103201435','Rimas','Plekaitis','2009-10-30','1981-03-20','Programuotojas','Java',3,1);
INSERT INTO "DARBUOTOJAS" VALUES ('48509141175','Zita','Lietuvaitė','2012-06-15','1985-09-14','Projektų vadovė','Java',2,1);
INSERT INTO "DARBUOTOJAS" VALUES ('48410121275','Jurga','Jurgaityte','2011-02-12','1984-10-12','Programuotoja','C#',1,3);
INSERT INTO "DARBUOTOJAS" VALUES ('38807201234','Giedrius','Sabutis','2009-01-21','1988-07-20','Testuotojas','Testavimo',2,2);
INSERT INTO "DARBUOTOJAS" VALUES ('38807291234','Regimantas','Sabonis','2013-01-21','1988-07-29','Testuotojas','Testavimo',3,2);
INSERT INTO "DARBUOTOJAS" VALUES ('38609191234','Saulius','Sabonis','2013-01-21','1986-09-19','Testuotojas','Testavimo',3,2);
INSERT INTO "DARBUOTOJAS" VALUES ('38109197598','Justas','Sabonis','2011-12-17','1986-09-19','Testuotojas','Testavimo',1,2);
INSERT INTO "DARBUOTOJAS" VALUES ('38503142412','Jonas','Kalnas','2009-05-11','1985-03-24','Programuotojas','Java',1,1);
INSERT INTO "DARBUOTOJAS" VALUES ('39003142412','Stasys','Sakalas','2009-05-11','1990-03-24','Programuotojas','Java',3,1);
INSERT INTO "DARBUOTOJAS" VALUES ('37803142412','Povilas','Vakalas','2012-11-11','1978-03-14','Programuotojas','C#',2,3);
INSERT INTO "DARBUOTOJAS" VALUES ('38804172782','Deivydas','Piliukas','2011-12-11','1988-04-17','Projektu vadovas','Testavimo',2,2);
INSERT INTO "DARBUOTOJAS" VALUES ('38904172782','Kestas','Liutas','2012-12-11','1989-04-17','Projektu vadovas','C#',1,3);
INSERT INTO "DARBUOTOJAS" VALUES ('38901228523','laikinas','veikejas','2009-01-22','1989-01-22',NULL,NULL,NULL,NULL);
INSERT INTO "DARBUOTOJAS" VALUES ('39810100106','Juozas','Juozaitis',NULL,'1998-10-10','Testuotojas','Testavimo',NULL,NULL);
INSERT INTO "DARBUOTOJAS" VALUES ('39810100107','Juozas','Juozaitis',NULL,'1998-10-10','Testuotojas','Testavimo',NULL,NULL);
INSERT INTO "DEPARTAMENTAS" VALUES (1,'IT','Java');
INSERT INTO "DEPARTAMENTAS" VALUES (2,'QA','Testavimo');
INSERT INTO "DEPARTAMENTAS" VALUES (3,'Development','C#');
INSERT INTO "PROJEKTAS" VALUES (1,'Izola');
INSERT INTO "PROJEKTAS" VALUES (2,'Registrų Centras');
INSERT INTO "PROJEKTAS" VALUES (3,'Kaunas');
INSERT INTO "PROJEKTAS" VALUES (4,'Nepriskirtas');
INSERT INTO "SKYRIUS" VALUES ('Java','48509141175');
INSERT INTO "SKYRIUS" VALUES ('Testavimo','38804172782');
INSERT INTO "SKYRIUS" VALUES ('C#','38904172782');
COMMIT;
